time_period,rainfall,mean_temperature,location,sample_0
2023-07,20,20,loc1,325.0
2023-08,30,20,loc1,449.9999999999999
2023-09,30,30,loc1,449.9999999999999
